verse_id,language,ambiguity,n_observers,osi_mean,osi_max,osi_std,osi_median,n_pairs,most_divergent_pair
arabic_0054,arabic,0.9197685122489929,36,1.017203450202942,1.5797059535980225,0.6856383681297302,1.4432170391082764,630,"('joy', 'romantic')"
arabic_0055,arabic,0.7435168027877808,36,0.9993179440498352,1.568277359008789,0.6722583174705505,1.429591417312622,630,"('spiritual', 'detached')"
arabic_0056,arabic,0.5463759899139404,36,1.005426049232483,1.6100482940673828,0.6776344776153564,1.4085776805877686,630,"('grief', 'nostalgic')"
arabic_0057,arabic,0.9560202360153198,36,1.017332673072815,1.6032030582427979,0.6861305832862854,1.4384775161743164,630,"('grief', 'contemplative')"
arabic_0058,arabic,0.7221865057945251,36,0.9997977018356323,1.5362534523010254,0.671033501625061,1.4377754926681519,630,"('spiritual', 'detached')"
arabic_0059,arabic,0.5711045265197754,36,1.0025578737258911,1.7494421005249023,0.6726376414299011,1.3879634141921997,630,"('joy', 'political')"
arabic_0060,arabic,0.9208038449287415,36,1.0173965692520142,1.5854789018630981,0.6861633658409119,1.4437413215637207,630,"('joy', 'romantic')"
arabic_0061,arabic,0.6879079341888428,36,1.0006053447723389,1.5279455184936523,0.6732809543609619,1.4384233951568604,630,"('spiritual', 'detached')"
arabic_0062,arabic,0.5542054772377014,36,1.0053471326828003,1.5970327854156494,0.6767860651016235,1.3984848260879517,630,"('joy', 'romantic')"
arabic_0063,arabic,0.9660577178001404,36,1.017699956893921,1.575944423675537,0.6861175298690796,1.4423103332519531,630,"('joy', 'romantic')"
arabic_0064,arabic,0.7426570653915405,36,0.9934983253479004,1.58400297164917,0.6605408787727356,1.4249063730239868,630,"('longing', 'political')"
arabic_0065,arabic,0.5964841842651367,36,1.0054274797439575,1.6351337432861328,0.6774147152900696,1.3925235271453857,630,"('grief', 'nostalgic')"
arabic_0066,arabic,0.938797116279602,36,1.0173935890197754,1.6144541501998901,0.6868555545806885,1.4307974576950073,630,"('grief', 'romantic')"
arabic_0067,arabic,0.6981186866760254,36,0.9996750354766846,1.557072401046753,0.6734614968299866,1.4277746677398682,630,"('spiritual', 'detached')"
arabic_0068,arabic,0.5766327977180481,36,1.0046418905258179,1.5879757404327393,0.6767997741699219,1.4025545120239258,630,"('joy', 'romantic')"
arabic_0069,arabic,0.9854803085327148,36,1.018066644668579,1.5717391967773438,0.6869832873344421,1.4383635520935059,630,"('joy', 'romantic')"
arabic_0070,arabic,0.7254927158355713,36,0.9966031312942505,1.5205628871917725,0.6664737462997437,1.4279016256332397,630,"('grief', 'detached')"
arabic_0071,arabic,0.565629243850708,36,1.0061728954315186,1.6365315914154053,0.676323652267456,1.40883207321167,630,"('longing', 'romantic')"
english_0072,english,0.8749301433563232,36,1.0003832578659058,1.7911086082458496,0.6679757237434387,1.4332735538482666,630,"('longing', 'political')"
english_0073,english,0.7380560636520386,36,0.9998271465301514,1.6294386386871338,0.6751387715339661,1.3873374462127686,630,"('longing', 'contemplative')"
english_0074,english,0.7023139595985413,36,1.0050994157791138,1.6627429723739624,0.678924024105072,1.368146538734436,630,"('spiritual', 'ecstatic')"
english_0075,english,0.8297126889228821,36,1.003530502319336,1.703763723373413,0.6752587556838989,1.4103424549102783,630,"('longing', 'political')"
english_0076,english,0.752652108669281,36,1.002465844154358,1.639028549194336,0.6781752705574036,1.3839068412780762,630,"('longing', 'contemplative')"
english_0077,english,0.7088570594787598,36,1.0060372352600098,1.642156958580017,0.6800734400749207,1.3746061325073242,630,"('spiritual', 'detached')"
english_0078,english,0.8203044533729553,36,1.0054072141647339,1.5452083349227905,0.6766996383666992,1.4179892539978027,630,"('longing', 'romantic')"
english_0079,english,0.7843484282493591,36,1.0006873607635498,1.6263277530670166,0.6764007806777954,1.38229238986969,630,"('longing', 'contemplative')"
english_0080,english,0.6954970955848694,36,1.004883050918579,1.6325417757034302,0.6803679466247559,1.3710589408874512,630,"('spiritual', 'detached')"
english_0081,english,0.8441348671913147,36,1.0060313940048218,1.5551053285598755,0.6772490739822388,1.427449345588684,630,"('longing', 'contemplative')"
english_0082,english,0.7399455308914185,36,1.0003244876861572,1.6380348205566406,0.6758562326431274,1.3815858364105225,630,"('longing', 'contemplative')"
english_0083,english,0.6512664556503296,36,1.004734754562378,1.5918495655059814,0.6784870028495789,1.3651678562164307,630,"('grief', 'ecstatic')"
english_0084,english,0.82704097032547,36,1.0064173936843872,1.5544116497039795,0.6759428977966309,1.424973487854004,630,"('spiritual', 'rebellious')"
english_0085,english,0.730441689491272,36,1.000892996788025,1.6321918964385986,0.6750660538673401,1.3892744779586792,630,"('longing', 'contemplative')"
english_0086,english,0.6671634912490845,36,1.0051220655441284,1.646986722946167,0.6805418133735657,1.3758165836334229,630,"('spiritual', 'ecstatic')"
english_0087,english,0.8429155945777893,36,1.005654215812683,1.5423825979232788,0.6764370799064636,1.4318387508392334,630,"('longing', 'romantic')"
english_0088,english,0.7886672019958496,36,0.9997002482414246,1.6201975345611572,0.6747546792030334,1.3902981281280518,630,"('longing', 'romantic')"
english_0089,english,0.713011622428894,36,1.006170630455017,1.6077561378479004,0.681717574596405,1.3831428289413452,630,"('spiritual', 'ecstatic')"
hindi_0018,hindi,0.7383212447166443,36,1.0164986848831177,1.6118688583374023,0.6854906678199768,1.438019037246704,630,"('grief', 'contemplative')"
hindi_0019,hindi,0.6900010704994202,36,1.0106652975082397,1.5914874076843262,0.6795973181724548,1.4440503120422363,630,"('spiritual', 'rebellious')"
hindi_0020,hindi,0.7126021981239319,36,1.0083218812942505,1.5880711078643799,0.6810830235481262,1.4215401411056519,630,"('political', 'rebellious')"
hindi_0021,hindi,0.6868160963058472,36,1.0154074430465698,1.6993863582611084,0.6840546131134033,1.432538390159607,630,"('grief', 'romantic')"
hindi_0022,hindi,0.6856672763824463,36,1.01125967502594,1.539907693862915,0.6803685426712036,1.4497977495193481,630,"('joy', 'ecstatic')"
hindi_0023,hindi,0.7279836535453796,36,1.0081673860549927,1.6185400485992432,0.6789069771766663,1.4247008562088013,630,"('joy', 'romantic')"
hindi_0024,hindi,0.7234251499176025,36,1.016453504562378,1.5945457220077515,0.685377299785614,1.4416801929473877,630,"('grief', 'nostalgic')"
hindi_0025,hindi,0.7080639600753784,36,1.0101138353347778,1.5894324779510498,0.6782315373420715,1.4476852416992188,630,"('joy', 'rebellious')"
hindi_0026,hindi,0.718786895275116,36,1.008476734161377,1.6030915975570679,0.6801273822784424,1.4109866619110107,630,"('grief', 'contemplative')"
hindi_0027,hindi,0.748096764087677,36,1.0178910493850708,1.562601089477539,0.6862355470657349,1.451427936553955,630,"('joy', 'romantic')"
hindi_0028,hindi,0.6609944105148315,36,1.010387659072876,1.5324519872665405,0.678784191608429,1.4505943059921265,630,"('grief', 'ecstatic')"
hindi_0029,hindi,0.7721545100212097,36,1.0087841749191284,1.6145102977752686,0.6808385252952576,1.415219783782959,630,"('grief', 'romantic')"
hindi_0030,hindi,0.7281743884086609,36,1.0171796083450317,1.583601474761963,0.6856276392936707,1.446638822555542,630,"('spiritual', 'contemplative')"
hindi_0031,hindi,0.6677830815315247,36,1.0101072788238525,1.5839099884033203,0.6780564785003662,1.4502930641174316,630,"('joy', 'ecstatic')"
hindi_0032,hindi,0.7628999948501587,36,1.0064359903335571,1.7221482992172241,0.6772885918617249,1.4077777862548828,630,"('joy', 'political')"
hindi_0033,hindi,0.7077165246009827,36,1.0090782642364502,1.7240934371948242,0.6779704689979553,1.430168867111206,630,"('spiritual', 'political')"
hindi_0034,hindi,0.7122383117675781,36,1.0107985734939575,1.5440839529037476,0.6792599558830261,1.4485344886779785,630,"('spiritual', 'ecstatic')"
hindi_0035,hindi,0.7375417351722717,36,1.0083770751953125,1.6073312759399414,0.6810489892959595,1.4151626825332642,630,"('political', 'rebellious')"
sanskrit_0036,sanskrit,0.9349308013916016,36,1.01176118850708,1.525695562362671,0.6821537613868713,1.4581094980239868,630,"('spiritual', 'ecstatic')"
sanskrit_0037,sanskrit,0.8968313932418823,36,1.0107793807983398,1.7441325187683105,0.6736730933189392,1.4692864418029785,630,"('spiritual', 'rebellious')"
sanskrit_0038,sanskrit,0.7406152486801147,36,1.0056676864624023,1.5859487056732178,0.6781724095344543,1.4263153076171875,630,"('longing', 'nostalgic')"
sanskrit_0039,sanskrit,0.9024731516838074,36,1.0115535259246826,1.5262418985366821,0.6814388036727905,1.458587884902954,630,"('spiritual', 'ecstatic')"
sanskrit_0040,sanskrit,0.9174240827560425,36,1.0183030366897583,1.5260268449783325,0.6864000558853149,1.46622896194458,630,"('spiritual', 'romantic')"
sanskrit_0041,sanskrit,0.7247877717018127,36,1.005192518234253,1.5894050598144531,0.6784960031509399,1.4203275442123413,630,"('longing', 'nostalgic')"
sanskrit_0042,sanskrit,0.9397615194320679,36,1.0115605592727661,1.5275964736938477,0.6815587282180786,1.457505464553833,630,"('spiritual', 'ecstatic')"
sanskrit_0043,sanskrit,0.8646658658981323,36,1.0188724994659424,1.5424811840057373,0.6870681643486023,1.4689254760742188,630,"('political', 'rebellious')"
sanskrit_0044,sanskrit,0.7611079812049866,36,1.0059651136398315,1.5840857028961182,0.6783862113952637,1.424494981765747,630,"('longing', 'nostalgic')"
sanskrit_0045,sanskrit,0.8853480815887451,36,1.0114922523498535,1.5211009979248047,0.6819413900375366,1.4558160305023193,630,"('spiritual', 'ecstatic')"
sanskrit_0046,sanskrit,0.8550736904144287,36,1.0190200805664062,1.5399177074432373,0.6868277788162231,1.466278076171875,630,"('political', 'rebellious')"
sanskrit_0047,sanskrit,0.784553587436676,36,1.0046786069869995,1.5882048606872559,0.6774017214775085,1.417019009590149,630,"('longing', 'nostalgic')"
sanskrit_0048,sanskrit,0.9051716327667236,36,1.0122736692428589,1.528074026107788,0.681960940361023,1.4534956216812134,630,"('spiritual', 'ecstatic')"
sanskrit_0049,sanskrit,0.8501738905906677,36,1.0184106826782227,1.5284950733184814,0.6868321299552917,1.470627784729004,630,"('spiritual', 'contemplative')"
sanskrit_0050,sanskrit,0.7594569325447083,36,1.0046062469482422,1.5898675918579102,0.6772881150245667,1.4205929040908813,630,"('longing', 'nostalgic')"
sanskrit_0051,sanskrit,0.9172516465187073,36,1.0109645128250122,1.5194201469421387,0.6816225647926331,1.458634614944458,630,"('spiritual', 'ecstatic')"
sanskrit_0052,sanskrit,0.8726124167442322,36,1.0185948610305786,1.5351876020431519,0.6861659288406372,1.470123052597046,630,"('nostalgic', 'rebellious')"
sanskrit_0053,sanskrit,0.7881629467010498,36,1.0047239065170288,1.5858534574508667,0.6773278713226318,1.4267488718032837,630,"('longing', 'nostalgic')"
tamil_0090,tamil,0.6992346048355103,36,1.0165661573410034,1.574365258216858,0.6809848546981812,1.4359676837921143,630,"('longing', 'contemplative')"
tamil_0091,tamil,0.6260180473327637,36,1.009481430053711,1.529011607170105,0.676937997341156,1.4327430725097656,630,"('political', 'ecstatic')"
tamil_0092,tamil,0.7606281638145447,36,1.0110199451446533,1.5605415105819702,0.6748266816139221,1.4491599798202515,630,"('grief', 'detached')"
tamil_0093,tamil,0.6954915523529053,36,1.0169332027435303,1.6016042232513428,0.6804264187812805,1.4358546733856201,630,"('longing', 'contemplative')"
tamil_0094,tamil,0.6646909713745117,36,1.0093458890914917,1.5407886505126953,0.6772950887680054,1.4391577243804932,630,"('political', 'detached')"
tamil_0095,tamil,0.7891802787780762,36,1.0109299421310425,1.5394067764282227,0.6749322414398193,1.437220573425293,630,"('joy', 'detached')"
tamil_0096,tamil,0.7107618451118469,36,1.0148464441299438,1.5685689449310303,0.6778868436813354,1.4309866428375244,630,"('grief', 'contemplative')"
tamil_0097,tamil,0.6259896159172058,36,1.0090957880020142,1.538077473640442,0.6769854426383972,1.436781644821167,630,"('political', 'ecstatic')"
tamil_0098,tamil,0.7571711540222168,36,1.011125087738037,1.525620460510254,0.6763033270835876,1.4468488693237305,630,"('grief', 'detached')"
tamil_0099,tamil,0.7386914491653442,36,1.017543911933899,1.5897328853607178,0.680966854095459,1.4310615062713623,630,"('grief', 'contemplative')"
tamil_0100,tamil,0.6907351613044739,36,1.0086545944213867,1.5829832553863525,0.6752727627754211,1.4377409219741821,630,"('longing', 'political')"
tamil_0101,tamil,0.7553840279579163,36,1.0103696584701538,1.5368062257766724,0.6742448210716248,1.4440841674804688,630,"('joy', 'detached')"
tamil_0102,tamil,0.6961445808410645,36,1.0165172815322876,1.5844485759735107,0.6796063780784607,1.4411381483078003,630,"('grief', 'contemplative')"
tamil_0103,tamil,0.6897000670433044,36,1.008562445640564,1.527280330657959,0.6763684749603271,1.438411831855774,630,"('romantic', 'melancholic')"
tamil_0104,tamil,0.7795019149780273,36,1.0106806755065918,1.5372669696807861,0.675119936466217,1.4431140422821045,630,"('joy', 'detached')"
tamil_0105,tamil,0.7404571175575256,36,1.0165278911590576,1.589850902557373,0.6793981790542603,1.4331921339035034,630,"('grief', 'contemplative')"
urdu_0000,urdu,0.8675541281700134,36,1.0124436616897583,1.52842116355896,0.6810283660888672,1.4589643478393555,630,"('joy', 'detached')"
urdu_0001,urdu,0.8206256031990051,36,1.0094643831253052,1.543076515197754,0.6811459064483643,1.4167487621307373,630,"('joy', 'detached')"
urdu_0002,urdu,0.763266384601593,36,1.0041675567626953,1.6128339767456055,0.6790663003921509,1.4191532135009766,630,"('grief', 'romantic')"
urdu_0003,urdu,0.9082671999931335,36,1.0137664079666138,1.5296316146850586,0.6824966073036194,1.4565649032592773,630,"('joy', 'rebellious')"
urdu_0004,urdu,0.8547118902206421,36,1.0100711584091187,1.5577939748764038,0.6822012066841125,1.4041287899017334,630,"('contemplative', 'rebellious')"
urdu_0005,urdu,0.7620772123336792,36,1.0020732879638672,1.599252462387085,0.6778782606124878,1.4040807485580444,630,"('grief', 'romantic')"
urdu_0006,urdu,0.8540780544281006,36,1.0135818719863892,1.5310299396514893,0.6821625828742981,1.454675316810608,630,"('spiritual', 'rebellious')"
urdu_0007,urdu,0.8032200932502747,36,1.0097733736038208,1.550157070159912,0.680868923664093,1.4235886335372925,630,"('grief', 'melancholic')"
urdu_0008,urdu,0.8181589841842651,36,1.0020005702972412,1.6128501892089844,0.6776358485221863,1.3989319801330566,630,"('spiritual', 'romantic')"
urdu_0009,urdu,0.8584194183349609,36,1.0137356519699097,1.5506610870361328,0.6816161870956421,1.4528738260269165,630,"('joy', 'detached')"
urdu_0010,urdu,0.8265865445137024,36,1.009970784187317,1.5635132789611816,0.6814624071121216,1.421256422996521,630,"('contemplative', 'rebellious')"
urdu_0011,urdu,0.7800560593605042,36,1.0015145540237427,1.628404974937439,0.676283597946167,1.3998942375183105,630,"('spiritual', 'nostalgic')"
urdu_0012,urdu,0.8676372170448303,36,1.0129200220108032,1.5277622938156128,0.6819850206375122,1.4548732042312622,630,"('contemplative', 'melancholic')"
urdu_0013,urdu,0.8091872930526733,36,1.0094393491744995,1.5543186664581299,0.6810665726661682,1.4147114753723145,630,"('longing', 'detached')"
urdu_0014,urdu,0.8110138177871704,36,1.0026901960372925,1.5981311798095703,0.6774028539657593,1.4098868370056152,630,"('joy', 'nostalgic')"
urdu_0015,urdu,0.8821144104003906,36,1.0127488374710083,1.535658597946167,0.6810732483863831,1.4574439525604248,630,"('joy', 'detached')"
urdu_0016,urdu,0.7912124991416931,36,1.0098648071289062,1.5559642314910889,0.681884765625,1.4088654518127441,630,"('joy', 'melancholic')"
urdu_0017,urdu,0.7773358821868896,36,1.003097653388977,1.630819320678711,0.6774163246154785,1.407058596611023,630,"('spiritual', 'romantic')"
