osi,ambiguity,language,n_observers,verse_id
1.0172033309936523,0.9197684963384635,arabic,36,arabic_0054
0.9993179440498352,0.7435168276726337,arabic,36,arabic_0055
1.005426049232483,0.5463759938651405,arabic,36,arabic_0056
1.017332673072815,0.9560202592074488,arabic,36,arabic_0057
0.9997977018356323,0.7221864963784768,arabic,36,arabic_0058
1.0025578737258911,0.5711045426518967,arabic,36,arabic_0059
1.0173965692520142,0.9208038398982242,arabic,36,arabic_0060
1.0006053447723389,0.687907962341329,arabic,36,arabic_0061
1.0053470134735107,0.554205458784772,arabic,36,arabic_0062
1.017699956893921,0.9660577253848154,arabic,36,arabic_0063
0.9934983253479004,0.7426570707493111,arabic,36,arabic_0064
1.0054274797439575,0.5964842081564304,arabic,36,arabic_0065
1.017393708229065,0.9387971237038197,arabic,36,arabic_0066
0.9996751546859741,0.6981186919587117,arabic,36,arabic_0067
1.0046418905258179,0.5766327982548121,arabic,36,arabic_0068
1.018066644668579,0.9854802882536178,arabic,36,arabic_0069
0.99660325050354,0.725492738319319,arabic,36,arabic_0070
1.0061728954315186,0.5656292736263308,arabic,36,arabic_0071
1.0003832578659058,0.8749301676188193,english,36,english_0072
0.9998271465301514,0.7380560574100389,english,36,english_0073
1.0050994157791138,0.7023139592053851,english,36,english_0074
1.003530502319336,0.8297126664690109,english,36,english_0075
1.002465844154358,0.7526520936061054,english,36,english_0076
1.0060372352600098,0.7088570680385817,english,36,english_0077
1.0054072141647339,0.820304426965747,english,36,english_0078
1.0006873607635498,0.7843484367610225,english,36,english_0079
1.0048829317092896,0.6954970727619304,english,36,english_0080
1.0060313940048218,0.8441348959500099,english,36,english_0081
1.0003243684768677,0.739945544607652,english,36,english_0082
1.004734754562378,0.6512664493162474,english,36,english_0083
1.0064173936843872,0.8270409750171044,english,36,english_0084
1.000892996788025,0.7304417182721593,english,36,english_0085
1.0051220655441284,0.6671635060204272,english,36,english_0086
1.005654215812683,0.8429156164281228,english,36,english_0087
0.9997002482414246,0.7886671980362147,english,36,english_0088
1.006170630455017,0.7130116147385005,english,36,english_0089
1.0164986848831177,0.7383212332164752,hindi,36,hindi_0018
1.0106652975082397,0.6900010599292837,hindi,36,hindi_0019
1.0083218812942505,0.7126021860442813,hindi,36,hindi_0020
1.0154074430465698,0.6868160971562016,hindi,36,hindi_0021
1.01125967502594,0.68566726682577,hindi,36,hindi_0022
1.0081673860549927,0.7279836504635542,hindi,36,hindi_0023
1.016453504562378,0.7234251658255945,hindi,36,hindi_0024
1.0101138353347778,0.7080639502655691,hindi,36,hindi_0025
1.008476734161377,0.7187868839318026,hindi,36,hindi_0026
1.0178910493850708,0.7480967684637146,hindi,36,hindi_0027
1.010387659072876,0.6609943988045855,hindi,36,hindi_0028
1.0087841749191284,0.7721545167274345,hindi,36,hindi_0029
1.0171797275543213,0.7281744118356783,hindi,36,hindi_0030
1.0101072788238525,0.6677830687197086,hindi,36,hindi_0031
1.0064361095428467,0.7628999862598982,hindi,36,hindi_0032
1.0090781450271606,0.7077165072704638,hindi,36,hindi_0033
1.0107985734939575,0.7122382823303642,hindi,36,hindi_0034
1.008377194404602,0.7375417477090344,hindi,36,hindi_0035
1.01176118850708,0.9349308255971766,sanskrit,36,sanskrit_0036
1.0107793807983398,0.8968313768829316,sanskrit,36,sanskrit_0037
1.0056675672531128,0.7406152419867166,sanskrit,36,sanskrit_0038
1.011553406715393,0.9024731474501937,sanskrit,36,sanskrit_0039
1.0183030366897583,0.9174241106823264,sanskrit,36,sanskrit_0040
1.0051926374435425,0.7247877751781511,sanskrit,36,sanskrit_0041
1.0115605592727661,0.9397615004736508,sanskrit,36,sanskrit_0042
1.0188724994659424,0.8646658433779969,sanskrit,36,sanskrit_0043
1.005964994430542,0.7611079794816173,sanskrit,36,sanskrit_0044
1.0114920139312744,0.8853480914297485,sanskrit,36,sanskrit_0045
1.0190200805664062,0.8550737059664265,sanskrit,36,sanskrit_0046
1.0046786069869995,0.7845536122832555,sanskrit,36,sanskrit_0047
1.0122736692428589,0.905171660113979,sanskrit,36,sanskrit_0048
1.0184106826782227,0.850173902702527,sanskrit,36,sanskrit_0049
1.0046062469482422,0.7594569151657591,sanskrit,36,sanskrit_0050
1.0109645128250122,0.9172516200790127,sanskrit,36,sanskrit_0051
1.0185948610305786,0.8726123971381972,sanskrit,36,sanskrit_0052
1.0047239065170288,0.788162929382541,sanskrit,36,sanskrit_0053
1.0165661573410034,0.6992346223739451,tamil,36,tamil_0090
1.0094815492630005,0.6260180471232899,tamil,36,tamil_0091
1.0110199451446533,0.7606281777902303,tamil,36,tamil_0092
1.0169333219528198,0.695491541578003,tamil,36,tamil_0093
1.0093458890914917,0.6646909644348049,tamil,36,tamil_0094
1.0109299421310425,0.7891802872939632,tamil,36,tamil_0095
1.0148464441299438,0.7107618658381707,tamil,36,tamil_0096
1.0090957880020142,0.6259895969098225,tamil,36,tamil_0097
1.011125087738037,0.7571711263882724,tamil,36,tamil_0098
1.017543911933899,0.7386914407032661,tamil,36,tamil_0099
1.0086545944213867,0.6907351382239826,tamil,36,tamil_0100
1.0103696584701538,0.7553840338932907,tamil,36,tamil_0101
1.016517162322998,0.6961445596878333,tamil,36,tamil_0102
1.008562445640564,0.6897000443532105,tamil,36,tamil_0103
1.0106806755065918,0.7795019136454925,tamil,36,tamil_0104
1.0165278911590576,0.740457093609689,tamil,36,tamil_0105
1.0124436616897583,0.8675541401327167,urdu,36,urdu_0000
1.0094643831253052,0.8206256011752642,urdu,36,urdu_0001
1.0041675567626953,0.7632663980831595,urdu,36,urdu_0002
1.0137664079666138,0.9082672186237266,urdu,36,urdu_0003
1.0100711584091187,0.8547119177043175,urdu,36,urdu_0004
1.0020732879638672,0.7620771994504236,urdu,36,urdu_0005
1.0135819911956787,0.8540780412328327,urdu,36,urdu_0006
1.0097733736038208,0.8032200976152725,urdu,36,urdu_0007
1.0020005702972412,0.8181589774547817,urdu,36,urdu_0008
1.0137356519699097,0.8584194288808285,urdu,36,urdu_0009
1.009970784187317,0.8265865297787207,urdu,36,urdu_0010
1.0015146732330322,0.7800560619537668,urdu,36,urdu_0011
1.0129200220108032,0.8676371986094082,urdu,36,urdu_0012
1.009439468383789,0.8091872848990619,urdu,36,urdu_0013
1.0026901960372925,0.8110137939181243,urdu,36,urdu_0014
1.0127488374710083,0.8821143849756813,urdu,36,urdu_0015
1.0098648071289062,0.7912125137361704,urdu,36,urdu_0016
1.003097653388977,0.7773358672392179,urdu,36,urdu_0017
