id,language,author,romanized,qlas,spectral_entropy,coherence,contextual_sensitivity,ambiguity_types
TA012,tamil,Traditional,Manam oru kurangu,0.3099,0.2449,0.0965,0.6099,"philosophical, metaphorical"
AR016,arabic,Traditional,Bil-'ilmi tartafi'u wa bil-jahli tanhatt,0.3001,0.2343,0.0888,0.5989,"philosophical, cultural"
TA001,tamil,Kaniyan Pungundranar,Yadhum oore yaavarum kelir,0.2897,0.2382,0.091,0.5571,"cultural, emotional, metaphorical"
SA001,sanskrit,Traditional,Kavyashastravinodena kalo gacchati dhima,0.2889,0.2286,0.0862,0.5718,"cultural, metaphorical"
UR007,urdu,Mirza Ghalib,Koi veerani si veerani hai,0.2858,0.2476,0.0996,0.5229,"emotional, metaphorical"
UR010,urdu,Mirza Ghalib,Bazicha-e-atfal hai duniya mere aage,0.2842,0.2433,0.0964,0.5265,"philosophical, cultural"
HI012,hindi,Kabir,"Bura jo dekhan main chala, bura na miliy",0.2747,0.245,0.1058,0.4831,"philosophical, cultural"
UR012,urdu,Mirza Ghalib,Qatra mein Dajla dikhai na de aur juzu m,0.2677,0.2346,0.0909,0.4885,"philosophical, metaphorical"
SA012,sanskrit,Traditional,Paropkaraya phalanti vrikshaah,0.2674,0.2404,0.0913,0.4795,"philosophical, metaphorical"
UR011,urdu,Mirza Ghalib,Maine Majnun pe ladakpan mein Asad,0.2659,0.239,0.0969,0.4709,"emotional, cultural"
SA013,sanskrit,Valmiki,Janani janmabhumishcha svargadapi gariya,0.2628,0.2473,0.0811,0.4653,"cultural, philosophical"
TA014,tamil,Tirumular,Aasai arumin aasai arumin,0.2624,0.2455,0.0984,0.449,"philosophical, cultural"
AR012,arabic,Traditional,Kun kal-nakhli 'anil-ahqadi murafi'an,0.2609,0.2372,0.0974,0.4559,"metaphorical, cultural"
UR002,urdu,Mirza Ghalib,Hazaron khwahishen aisi ke har khwahish ,0.2556,0.2486,0.0979,0.4226,"metaphorical, emotional, cultural"
SA002,sanskrit,Traditional,Aham Brahmasmi,0.2526,0.2489,0.0992,0.4111,"philosophical, cultural"
UR014,urdu,Mirza Ghalib,Yeh masail-e-tasawwuf yeh tera bayan Gha,0.2523,0.2424,0.0972,0.4208,"philosophical, cultural"
SA003,sanskrit,Traditional,Tat tvam asi,0.2516,0.2242,0.1018,0.4379,"philosophical, cultural"
UR016,urdu,Mirza Ghalib,Ibn-e-Maryam hua kare koi,0.2514,0.2375,0.0953,0.4258,"cultural, philosophical"
HI006,hindi,Sumitranandan Pant,Aag ho uthe jal mein patthar mein phoot ,0.2459,0.2251,0.1013,0.4181,"metaphorical, philosophical"
TA010,tamil,Thiruvalluvar,Selvaththul selvam sevich selvam,0.2455,0.2409,0.1058,0.3913,"philosophical, cultural"
HI010,hindi,Kabir,Maati kahe kumhaar se tu kyon ronde moy,0.2452,0.2319,0.0875,0.4208,"philosophical, cultural"
SA008,sanskrit,Traditional,Satyameva Jayate,0.2348,0.2459,0.1073,0.3476,"philosophical, cultural"
TA006,tamil,Thiruvalluvar,Porumai enbadhu bhumikkum undu,0.2347,0.2403,0.1039,0.3581,"philosophical, metaphorical"
TA008,tamil,Kanniyan Pungundranar,Theedum nandrum pirar thara vaara,0.2344,0.241,0.1032,0.3567,"philosophical, cultural"
EN002,english,Emily Dickinson,"Because I could not stop for Death, He k",0.2321,0.238,0.1087,0.3476,"metaphorical, emotional"
EN014,english,Robert Frost,"The woods are lovely, dark and deep, but",0.2319,0.2433,0.0845,0.3641,"emotional, philosophical"
HI016,hindi,Makhanlal Chaturvedi,Chaah nahin main surbala ke gehno mein g,0.2289,0.2358,0.0992,0.3494,"cultural, emotional"
EN008,english,John Keats,"Beauty is truth, truth beauty — that is ",0.2282,0.2456,0.1038,0.3293,"philosophical, metaphorical"
EN012,english,T.S. Eliot,April is the cruellest month,0.2271,0.2388,0.1006,0.3379,"metaphorical, cultural"
UR001,urdu,Mir Taqi Mir,Dil ke aaine mein hai tasveer-e-yaar,0.2251,0.2378,0.0903,0.3428,"metaphorical, emotional"
TA015,tamil,Traditional,Yaam petra inbam peruga ivvaiyagam,0.2241,0.245,0.1004,0.32,"cultural, emotional"
HI013,hindi,Kabir,"Dukh mein sumiran sab kare, sukh mein ka",0.2215,0.2332,0.096,0.3314,"philosophical, cultural"
EN010,english,Robert Frost,Two roads diverged in a wood and I took ,0.2211,0.2369,0.1041,0.3171,"philosophical, metaphorical"
TA013,tamil,Traditional,Kaalam thavarinaal kadavulum udavaan,0.2206,0.2414,0.1015,0.312,"philosophical, cultural"
UR005,urdu,Mirza Ghalib,Ranj ka khoogar hua insaan to mit jaata ,0.2188,0.2403,0.0964,0.3126,"philosophical, emotional"
AR005,arabic,Zuhayr ibn Abi Sulma,Idha al-mar'u lam yudnas min al-lu'mi 'a,0.2179,0.2447,0.0924,0.3075,"cultural, philosophical"
TA011,tamil,Traditional,Nalladhu seyvatharkku oru naalum thaamat,0.2177,0.2438,0.103,0.2978,"philosophical, cultural"
UR006,urdu,Mirza Ghalib,Dekhna taqreer ki lazzat ke jo us ne kah,0.2176,0.243,0.1091,0.2924,"metaphorical, emotional"
EN016,english,W.B. Yeats,Things fall apart; the centre cannot hol,0.2171,0.2329,0.0953,0.3177,"philosophical, cultural"
HI005,hindi,Jaishankar Prasad,Shraddha ke baad gyan ki devi,0.214,0.2238,0.0784,0.3364,"philosophical, cultural"
UR008,urdu,Mirza Ghalib,Hum kahan ke daana the kis hunar mein ya,0.2122,0.238,0.0992,0.2907,"philosophical, emotional"
UR015,urdu,Mirza Ghalib,Hui muddat ke Ghalib mar gaya par yaad a,0.2113,0.2425,0.1009,0.2802,"philosophical, emotional"
HI008,hindi,Sohan Lal Dwivedi,Koshish karne walon ki kabhi haar nahi h,0.2113,0.2349,0.1059,0.2853,"philosophical, cultural"
TA003,tamil,Thiruvalluvar,Katradhanal aaya payanen kol valarivaan,0.211,0.2471,0.1046,0.2693,"philosophical, cultural"
AR013,arabic,Traditional,Utlubu al-'ilma min al-mahdi ila al-lahd,0.2109,0.2413,0.1027,0.2786,"philosophical, cultural"
SA007,sanskrit,Traditional,Nayamatma pravacanena labhyo na medhaya,0.2107,0.2325,0.0973,0.2952,"philosophical, cultural"
SA004,sanskrit,Traditional,Sarve bhavantu sukhinah sarve santu nira,0.2103,0.2284,0.0989,0.2976,"philosophical, cultural"
TA016,tamil,Traditional,Thannai arindavan deivam arivaan,0.2097,0.2487,0.092,0.2754,"philosophical, cultural"
UR009,urdu,Mirza Ghalib,Na tha kuch to khuda tha kuch na hota to,0.2083,0.2344,0.0931,0.2885,"philosophical, cultural"
EN013,english,Emily Dickinson,"I am nobody, who are you? Are you nobody",0.2081,0.2402,0.0969,0.2763,"philosophical, emotional"
TA004,tamil,Thiruvalluvar,Agara mudala ezhuthellam aadi bhagavan m,0.2056,0.248,0.1076,0.2471,"philosophical, cultural"
HI003,hindi,Makhanlal Chaturvedi,"Mujhe tod lena vanmali, us path par dena",0.2054,0.2454,0.1077,0.2496,"cultural, emotional"
HI009,hindi,Kabir,Jo apni aankhon se na dekhe wo andha hai,0.2044,0.2349,0.0925,0.2757,"philosophical, cultural"
AR007,arabic,Traditional,Laysa al-jamalu bi-athwabin tuzayyinuna,0.2034,0.249,0.095,0.2509,"philosophical, cultural"
EN017,english,Robert Frost,I've been one acquainted with the night,0.2034,0.235,0.0967,0.2678,"emotional, philosophical"
HI011,hindi,Kabir,"Pothi padhi padhi jag mua, pandit bhaya ",0.2015,0.2274,0.1016,0.2668,"philosophical, cultural"
UR017,urdu,Mirza Ghalib,Dil dhundta hai phir wahi fursat ke raat,0.2014,0.2385,0.0967,0.2567,"emotional, cultural"
UR003,urdu,Mirza Ghalib,Aah ko chahiye ik umr asar hone tak,0.2012,0.2421,0.107,0.2409,"emotional, metaphorical"
EN001,english,John Donne,"No man is an island, entire of itself",0.1999,0.2373,0.1036,0.2464,"metaphorical, cultural"
HI001,hindi,Mahadevi Varma,Main neer bhari dukh ki badli,0.1996,0.245,0.1086,0.2302,"metaphorical, emotional, cultural"
HI002,hindi,Harivansh Rai Bachchan,Jo beet gayi so baat gayi,0.1982,0.2369,0.0885,0.2564,"philosophical, emotional"
AR014,arabic,Traditional,Al-mar'u haythu yada'u nafsahu,0.1979,0.2448,0.1032,0.23,"philosophical, cultural"
AR006,arabic,Traditional,Al-waqtu kal-sayfi in lam taqta'hu qata',0.1965,0.23,0.0975,0.2509,"philosophical, metaphorical"
SA016,sanskrit,Adi Shankaracharya,Brahma satyam jaganmithya,0.1959,0.2455,0.1131,0.2126,"philosophical, cultural"
AR004,arabic,Traditional,Al-shi'ru diwan al-arab,0.1947,0.2349,0.0987,0.2372,"cultural, philosophical"
AR010,arabic,Ahmad Shawqi,Innama al-umamu al-akhlaaqu ma baqiyat,0.1946,0.2496,0.1055,0.2103,"philosophical, cultural"
SA015,sanskrit,Kalidasa,Ksane ksane yannavatamupaiti,0.1925,0.2487,0.1001,0.2101,"philosophical, metaphorical"
SA006,sanskrit,Traditional,Karmanyevadhikaraste ma phaleshu kadacha,0.1923,0.2409,0.1092,0.2105,"philosophical, cultural"
HI014,hindi,Kabir,Sain itna dijiye jame kutumb samay,0.1913,0.2476,0.0963,0.2111,"philosophical, cultural"
SA005,sanskrit,Traditional,Yogasthah kuru karmani,0.1892,0.2355,0.0986,0.2182,"philosophical, cultural"
TA005,tamil,Thiruvalluvar,Innaacheydharai oruththal avar naana,0.1863,0.245,0.1034,0.1908,"philosophical, cultural"
SA011,sanskrit,Narayana Pandit,Udyamena hi sidhyanti karyani na manorat,0.1835,0.2299,0.0917,0.2134,"philosophical, cultural"
SA014,sanskrit,Traditional,Namaste sada vatsale matrubhume,0.1835,0.2443,0.0962,0.1899,"cultural, emotional"
AR009,arabic,Traditional,Al-sabru miftahu al-faraj,0.1834,0.2472,0.111,0.1709,"philosophical, cultural"
UR004,urdu,Mirza Ghalib,Ishq ne Ghalib nikamma kar diya,0.181,0.237,0.0915,0.196,"emotional, metaphorical"
AR015,arabic,Traditional,Rubba akhin laka lam talid-hu ummuk,0.1808,0.2396,0.1045,0.1788,"cultural, emotional"
HI004,hindi,Ramdhari Singh Dinkar,"Sach hai, vipatti jab aati hai, kayar ko",0.1808,0.2443,0.1068,0.1699,"philosophical, cultural"
EN015,english,Emily Dickinson,Hope is the thing with feathers that per,0.1797,0.2405,0.1055,0.1728,"metaphorical, emotional"
UR013,urdu,Mirza Ghalib,Phir mujhe dida-e-tar yaad aaya,0.178,0.2477,0.1139,0.1492,"emotional, metaphorical"
EN009,english,Dylan Thomas,Do not go gentle into that good night,0.1758,0.2207,0.095,0.1966,"emotional, philosophical"
AR008,arabic,Traditional,Man jadda wajada wa man zara'a hasada,0.1727,0.2482,0.1129,0.1318,"philosophical, cultural"
SA010,sanskrit,Narayana Pandit,Vidya vinayena shobhate,0.1684,0.22,0.0931,0.1748,"philosophical, cultural"
AR001,arabic,Al-Mutanabbi,Wa ma naylul matalib bit-tamanni,0.1683,0.238,0.0949,0.1487,"cultural, metaphorical"
TA009,tamil,Tirumular,Udambai valarthen uyir valarthen,0.1671,0.2293,0.0875,0.1639,"philosophical, cultural"
AR011,arabic,Traditional,Wal-shamsu tushriqu fil-sharqi kull yawm,0.165,0.2358,0.0989,0.1366,"metaphorical, cultural"
EN007,english,Walt Whitman,"I am large, I contain multitudes",0.1649,0.2485,0.0991,0.1191,"philosophical, cultural"
TA007,tamil,Traditional,Vaazhkai enum kadalil anbu oru thoani,0.1631,0.2201,0.1015,0.1487,"metaphorical, emotional"
TA002,tamil,Tirumular,Anbe Sivam,0.1631,0.2427,0.089,0.1309,"philosophical, cultural"
SA009,sanskrit,Traditional,Anityani sharirani vibhavo naiva shashva,0.1585,0.2289,0.0895,0.1338,"philosophical, cultural"
HI015,hindi,Kabir,"Jal mein kumbh, kumbh mein jal hai",0.1576,0.2461,0.0952,0.102,"philosophical, metaphorical"
AR003,arabic,Imru al-Qays,Qif bil diyar wa qul ya dar ayna ahluk,0.154,0.2423,0.0999,0.0905,"emotional, cultural"
EN006,english,Robert Frost,The road not taken has made all the diff,0.1524,0.2357,0.0933,0.1005,"philosophical, metaphorical"
EN005,english,William Shakespeare,What's in a name? That which we call a r,0.1498,0.2372,0.1001,0.0829,"philosophical, metaphorical"
EN011,english,T.S. Eliot,I have measured out my life with coffee ,0.1487,0.2293,0.1028,0.0872,"metaphorical, philosophical"
EN004,english,William Shakespeare,All that glitters is not gold,0.1485,0.2426,0.0956,0.0759,"metaphorical, cultural"
AR002,arabic,Al-Hallaj,Ana man ahwa wa man ahwa ana,0.1471,0.2311,0.0953,0.0868,"philosophical, emotional"
HI007,hindi,Mahadevi Varma,Yeh mast tumhara yeh hosh mera,0.1467,0.2381,0.0955,0.0759,"emotional, metaphorical"
EN003,english,William Shakespeare,"To be or not to be, that is the question",0.1294,0.2419,0.0881,0.0206,"philosophical, emotional"
