context,mean_align,std
rebellious,0.7739799506771259,0.04196580823049725
romantic,0.772707251771393,0.04622658207009669
longing,0.7724627790160669,0.06943083311520627
contemplative,0.7700039360385674,0.04522230716676972
ecstatic,0.769123920199708,0.056124662908546834
melancholic,0.7650540650973463,0.06585901127482567
grief,0.7627212133481461,0.07270041406021333
nostalgic,0.759671120893242,0.05339932542339179
detached,0.7588933539123107,0.07434198706451177
spiritual,0.7549878946035846,0.07977861516961472
joy,0.7466753366665962,0.08199163844671871
political,0.7251416342826481,0.12647559231761857
